<?xml version="1.0" encoding="utf-8" standalone="yes"?>
<rss version="2.0" xmlns:atom="http://www.w3.org/2005/Atom">
  <channel>
    <title>Posts on </title>
    <link>https://www.example.org/posts/</link>
    <description>Recent content in Posts on </description>
    <generator>Hugo -- gohugo.io</generator>
    <language>en-us</language>
    <lastBuildDate>Thu, 13 Apr 2023 15:31:20 +0300</lastBuildDate>
    
	<atom:link href="https://www.example.org/posts/index.xml" rel="self" type="application/rss+xml" />
    
    
    <item>
      <title>My Projects</title>
      <link>https://www.example.org/posts/my_projects/</link>
      <pubDate>Thu, 13 Apr 2023 15:31:20 +0300</pubDate>
      
      <guid>https://www.example.org/posts/my_projects/</guid>
      <description></description>
    </item>
    
  </channel>
</rss>